id,url
1, https://www.freesoundslibrary.com/wp-content/uploads/2021/11/seagull-sound-in-distance.zip
2, https://www.freesoundslibrary.com/wp-content/uploads/2021/11/pond-bird-call-sound-effect.zip
3, https://www.freesoundslibrary.com/wp-content/uploads/2021/11/spooky-owl-sound-effect.zip
4, https://www.freesoundslibrary.com/wp-content/uploads/2021/10/curlew-sound.zip
5, https://www.freesoundslibrary.com/wp-content/uploads/2021/10/corncrake-sound.zip
6, https://www.freesoundslibrary.com/wp-content/uploads/2021/10/bobwhite-quail-sound.zip
7, https://www.freesoundslibrary.com/wp-content/uploads/2021/10/afternoon-birds-song-in-forest.zip
8, https://www.freesoundslibrary.com/wp-content/uploads/2021/10/dove-bird-call-sound.zip
9, https://www.freesoundslibrary.com/wp-content/uploads/2021/10/dove-sound-effect.zip
10, https://www.freesoundslibrary.com/wp-content/uploads/2021/10/flock-of-pigeons-cooing-sound-effect.zip
11, https://www.freesoundslibrary.com/wp-content/uploads/2021/09/dove-bird-sounds.zip
12, https://www.freesoundslibrary.com/wp-content/uploads/2021/09/killdeer-sound.zip
13, https://www.freesoundslibrary.com/wp-content/uploads/2021/09/cardinal-bird-call.zip
14, https://www.freesoundslibrary.com/wp-content/uploads/2021/09/robin-chirping.zip
15, https://www.freesoundslibrary.com/wp-content/uploads/2021/09/tawny-owl-sounds.zip
16, https://www.freesoundslibrary.com/wp-content/uploads/2021/09/magpie-call-sound-effect.zip
17, https://www.freesoundslibrary.com/wp-content/uploads/2021/08/crow-cawing-sound-effect.zip
18, https://www.freesoundslibrary.com/wp-content/uploads/2021/08/cricket-sounds-for-sleep.zip
19, https://www.freesoundslibrary.com/wp-content/uploads/2021/07/rooster-call-sound.zip
20, https://www.freesoundslibrary.com/wp-content/uploads/2021/07/forest-birds-and-insects-sound-effect.zip
21, https://www.freesoundslibrary.com/wp-content/uploads/2021/07/cicadas-noise-sound-effect.zip
22, https://www.freesoundslibrary.com/wp-content/uploads/2021/06/magpies-and-crows-cawing-sound-effect.zip
23, https://www.freesoundslibrary.com/wp-content/uploads/2021/06/sparrow-sound-effect.zip
24, https://www.freesoundslibrary.com/wp-content/uploads/2021/03/rain-thunder-and-crickets-sound-effect.zip
25, https://www.freesoundslibrary.com/wp-content/uploads/2021/04/crickets-sound-effect.zip
26, https://www.freesoundslibrary.com/wp-content/uploads/2020/07/crickets-chirping-crickets-sound.zip
27, https://www.freesoundslibrary.com/wp-content/uploads/2020/04/crickets-chirping-noise.zip
28, https://www.freesoundslibrary.com/wp-content/uploads/2017/12/crickets-chirping.zip
29, https://www.freesoundslibrary.com/wp-content/uploads/2017/11/crickets-chirping-at-night.zip
30, https://www.freesoundslibrary.com/wp-content/uploads/2021/08/night-insect-sounds.zip
31, https://www.freesoundslibrary.com/wp-content/uploads/2021/04/screech-owl-sounds-at-night.zip
32, https://www.freesoundslibrary.com/wp-content/uploads/2021/04/pheasant-sound.zip
33, https://www.freesoundslibrary.com/wp-content/uploads/2021/03/birds-singing-in-forest-sounds.zip
